sensitive_attribute,group,n_samples,mean_dox,std_dox,median_dox,min_dox,max_dox,mean_clarity,mean_distinctiveness,mean_coverage,dox_gap,clarity_gap,distinctiveness_gap,coverage_gap
A,Group_0,1634,0.8096860665859018,0.022648778390684517,0.8128480107120439,0.467415421494881,0.8132852506907197,0.5333333333333332,0.9895792378644813,1.0,0.0010081738189986478,1.1102230246251565e-16,0.002880496625710549,0.0
A,Group_1,1666,0.8086778927669032,0.025910592049375025,0.8128667835361931,0.4752751009904093,0.8132968677843332,0.5333333333333333,0.9866987412387708,1.0,0.0010081738189986478,1.1102230246251565e-16,0.002880496625710549,0.0
