sensitive_attribute,group,n_samples,mean_dox,std_dox,median_dox,min_dox,max_dox,mean_clarity,mean_distinctiveness,mean_coverage,dox_gap,clarity_gap,distinctiveness_gap,coverage_gap
A,Group_0,1634,0.8088085863701922,0.02385351996135012,0.8125394655274534,0.496147318922131,0.8132543979622494,0.5333333333333332,0.9870721515338823,1.0,0.0007271986905643679,1.1102230246251565e-16,0.002077710544469369,0.0
A,Group_1,1666,0.8095357850607565,0.02074335311621236,0.8125620935296778,0.46935053077746586,0.8132722467204068,0.5333333333333333,0.9891498620783516,1.0,0.0007271986905643679,1.1102230246251565e-16,0.002077710544469369,0.0
