sensitive_attribute,group,n_samples,mean_dox,std_dox,median_dox,min_dox,max_dox,mean_clarity,mean_distinctiveness,mean_coverage,dox_gap,clarity_gap,distinctiveness_gap,coverage_gap
A,Group_0,1634,0.8117867711491226,0.015503996251659304,0.8132754984576944,0.568807412499276,0.8133277513754045,0.5333333333333332,0.9955812509022548,1.0,0.0005274182471446398,1.1102230246251565e-16,0.0015069092775565895,0.0
A,Group_1,1666,0.8123141893962672,0.012782220484977298,0.8132793111142443,0.4866015376616435,0.8133289699870894,0.5333333333333333,0.9970881601798114,1.0,0.0005274182471446398,1.1102230246251565e-16,0.0015069092775565895,0.0
