sensitive_attribute,group,n_samples,mean_dox,std_dox,median_dox,min_dox,max_dox,mean_clarity,mean_distinctiveness,mean_coverage,dox_gap,clarity_gap,distinctiveness_gap,coverage_gap
A,Group_0,1634,0.8105511902374443,0.019041568855299746,0.8128479990492837,0.46682909570647807,0.8132947260987099,0.5333333333333332,0.9920510197260312,1.0,0.0006624650980986413,1.1102230246251565e-16,0.00189275742313888,0.0
A,Group_1,1666,0.8098887251393456,0.02005172706079805,0.8128616219840002,0.5202962360321646,0.8132997233238913,0.5333333333333333,0.9901582623028923,1.0,0.0006624650980986413,1.1102230246251565e-16,0.00189275742313888,0.0
