sensitive_attribute,group,n_samples,mean_dox,std_dox,median_dox,min_dox,max_dox,mean_clarity,mean_distinctiveness,mean_coverage,dox_gap,clarity_gap,distinctiveness_gap,coverage_gap
A,Group_0,1634,0.8089443907931874,0.021145330882281425,0.8123558834137007,0.5267683576108848,0.8132363400322162,0.5333333333333332,0.9874601641710119,1.0,0.0010391039451143058,1.1102230246251565e-16,0.0029688684146129685,0.0
A,Group_1,1666,0.8079052868480731,0.02463860465231533,0.8123936282791452,0.5203521995078726,0.813259771168558,0.5333333333333333,0.9844912957563989,1.0,0.0010391039451143058,1.1102230246251565e-16,0.0029688684146129685,0.0
