sensitive_attribute,group,n_samples,mean_dox,std_dox,median_dox,min_dox,max_dox,mean_clarity,mean_distinctiveness,mean_coverage,dox_gap,clarity_gap,distinctiveness_gap,coverage_gap
A,Group_0,1634,0.8119300137750173,0.014594077765766131,0.8132309315886119,0.5026555248433612,0.8133288884789651,0.5333333333333332,0.9959905155476683,1.0,0.0008163974261186091,1.1102230246251565e-16,0.0023325640746246767,0.0
A,Group_1,1666,0.8111136163488987,0.019520781880714974,0.8132246557660325,0.47547603938821137,0.8133296335399353,0.5333333333333333,0.9936579514730436,1.0,0.0008163974261186091,1.1102230246251565e-16,0.0023325640746246767,0.0
