sensitive_attribute,group,n_samples,mean_dox,std_dox,median_dox,min_dox,max_dox,mean_clarity,mean_distinctiveness,mean_coverage,dox_gap,clarity_gap,distinctiveness_gap,coverage_gap
A,Group_0,1634,0.8116083136617112,0.014476457277229517,0.8131212813930323,0.5566263209378131,0.8133123431549039,0.5333333333333332,0.9950713723667937,1.0,0.0006382257911049516,1.1102230246251565e-16,0.001823502260299703,0.0
A,Group_1,1666,0.8109700878706062,0.019258194509871807,0.8131293716208909,0.49397148016092174,0.8133173343245635,0.5333333333333333,0.993247870106494,1.0,0.0006382257911049516,1.1102230246251565e-16,0.001823502260299703,0.0
