sensitive_attribute,group,n_samples,mean_dox,std_dox,median_dox,min_dox,max_dox,mean_clarity,mean_distinctiveness,mean_coverage,dox_gap,clarity_gap,distinctiveness_gap,coverage_gap
A,Group_0,1634,0.8095448889229108,0.017568583424299514,0.8124629644067813,0.5568468307376319,0.8132512647148472,0.5333333333333332,0.9891758731130784,1.0,0.00018152188441833417,1.1102230246251565e-16,0.0005186339554809072,0.0
A,Group_1,1666,0.8097264108073291,0.02029089281197202,0.8125596255842344,0.48856724015313946,0.8132678692560282,0.5333333333333333,0.9896945070685593,1.0,0.00018152188441833417,1.1102230246251565e-16,0.0005186339554809072,0.0
