sensitive_attribute,group,n_samples,mean_dox,std_dox,median_dox,min_dox,max_dox,mean_clarity,mean_distinctiveness,mean_coverage,dox_gap,clarity_gap,distinctiveness_gap,coverage_gap
A,Group_0,1634,0.809970657764474,0.019543374097477403,0.8126607316812823,0.4692714168680896,0.8132832627147293,0.5333333333333332,0.9903923555175448,1.0,0.0007458517732530368,1.1102230246251565e-16,0.0021310050664373748,0.0
A,Group_1,1666,0.8092248059912209,0.021530155791645043,0.812664370695825,0.5382637239582604,0.8132897435010202,0.5333333333333333,0.9882613504511074,1.0,0.0007458517732530368,1.1102230246251565e-16,0.0021310050664373748,0.0
