sensitive_attribute,group,n_samples,mean_dox,std_dox,median_dox,min_dox,max_dox,mean_clarity,mean_distinctiveness,mean_coverage,dox_gap,clarity_gap,distinctiveness_gap,coverage_gap
A,Group_0,1634,0.8120181305963576,0.014350700598179042,0.8132523091917251,0.5509397862738297,0.8133253164297605,0.5333333333333332,0.9962422778943553,1.0,0.000807301950385364,1.1102230246251565e-16,0.002306577001101262,0.0
A,Group_1,1666,0.8112108286459723,0.018717571922989035,0.8132554476540567,0.516788032721162,0.8133272535784366,0.5333333333333333,0.993935700893254,1.0,0.000807301950385364,1.1102230246251565e-16,0.002306577001101262,0.0
