sensitive_attribute,group,n_samples,mean_dox,std_dox,median_dox,min_dox,max_dox,mean_clarity,mean_distinctiveness,mean_coverage,dox_gap,clarity_gap,distinctiveness_gap,coverage_gap
A,Group_0,1634,0.8074777756667247,0.027470080518873494,0.8123552186217589,0.518230543708572,0.8132362738559646,0.5333333333333332,0.9832698352382612,1.0,0.0015667429042997005,1.1102230246251565e-16,0.004476408297998891,0.0
A,Group_1,1666,0.805911032762425,0.03171513191524698,0.8123929890720643,0.511408286284961,0.8132597209746161,0.5333333333333333,0.9787934269402623,1.0,0.0015667429042997005,1.1102230246251565e-16,0.004476408297998891,0.0
