sensitive_attribute,group,n_samples,mean_dox,std_dox,median_dox,min_dox,max_dox,mean_clarity,mean_distinctiveness,mean_coverage,dox_gap,clarity_gap,distinctiveness_gap,coverage_gap
A,Group_0,1634,0.8110970604144523,0.017212212114723343,0.8130508307145559,0.48050613477113613,0.8133053142763313,0.5333333333333332,0.9936106488031973,1.0,0.00032659811372637293,1.1102230246251565e-16,0.0009331374677896687,0.0
A,Group_1,1666,0.8107704623007259,0.01996503530989061,0.8130624705490241,0.4633727929271233,0.8133118685991275,0.5333333333333333,0.9926775113354076,1.0,0.00032659811372637293,1.1102230246251565e-16,0.0009331374677896687,0.0
