sensitive_attribute,group,n_samples,mean_dox,std_dox,median_dox,min_dox,max_dox,mean_clarity,mean_distinctiveness,mean_coverage,dox_gap,clarity_gap,distinctiveness_gap,coverage_gap
A,Group_0,1634,0.8095056267035847,0.023625027388797317,0.8128815642347789,0.46482068335121385,0.813288579797913,0.5333333333333332,0.9890636953435752,1.0,0.0010753578080068271,1.1102230246251565e-16,0.003072450880019617,0.0
A,Group_1,1666,0.8084302688955779,0.026862938535037385,0.8128990411874857,0.4753231556707116,0.8132993926540928,0.5333333333333333,0.9859912444635556,1.0,0.0010753578080068271,1.1102230246251565e-16,0.003072450880019617,0.0
