sensitive_attribute,group,n_samples,mean_dox,std_dox,median_dox,min_dox,max_dox,mean_clarity,mean_distinctiveness,mean_coverage,dox_gap,clarity_gap,distinctiveness_gap,coverage_gap
A,Group_0,1634,0.8095439175605225,0.020852689487309593,0.8126150767116536,0.4711220493226608,0.8132613992022144,0.5333333333333332,0.9891730977919688,1.0,0.0001695848486499285,1.1102230246251565e-16,0.0004845281390000178,0.0
A,Group_1,1666,0.8097135024091724,0.020739592607861387,0.8126402355631455,0.4719968619355423,0.8132779454212146,0.5333333333333333,0.9896576259309688,1.0,0.0001695848486499285,1.1102230246251565e-16,0.0004845281390000178,0.0
