sensitive_attribute,group,n_samples,mean_dox,std_dox,median_dox,min_dox,max_dox,mean_clarity,mean_distinctiveness,mean_coverage,dox_gap,clarity_gap,distinctiveness_gap,coverage_gap
A,Group_0,1634,0.8122848477003589,0.012693049271041099,0.8132999397391578,0.583124979745867,0.8133300297230872,0.5333333333333332,0.9970043267629299,1.0,0.0008121556807032526,1.1102230246251565e-16,0.002320444802009103,0.0
A,Group_1,1666,0.8114726920196557,0.017846421109567943,0.8133012334483813,0.47067447364851595,0.8133308279946211,0.5333333333333333,0.9946838819609208,1.0,0.0008121556807032526,1.1102230246251565e-16,0.002320444802009103,0.0
