sensitive_attribute,group,n_samples,mean_dox,std_dox,median_dox,min_dox,max_dox,mean_clarity,mean_distinctiveness,mean_coverage,dox_gap,clarity_gap,distinctiveness_gap,coverage_gap
A,Group_0,1634,0.8082154549744888,0.02281762284113118,0.8120781401834123,0.4641431749881688,0.8132144245885271,0.5333333333333332,0.9853774904033014,1.0,0.0009010424288522501,1.1102230246251565e-16,0.002574406939577889,0.0
A,Group_1,1666,0.809116497403341,0.019448584276188625,0.8122179914722698,0.4972354411768221,0.8132389577305421,0.5333333333333333,0.9879518973428792,1.0,0.0009010424288522501,1.1102230246251565e-16,0.002574406939577889,0.0
