sensitive_attribute,group,n_samples,mean_dox,std_dox,median_dox,min_dox,max_dox,mean_clarity,mean_distinctiveness,mean_coverage,dox_gap,clarity_gap,distinctiveness_gap,coverage_gap
A,Group_0,1634,0.8079426204391896,0.027201269186112688,0.8126215166112098,0.496072099964665,0.8132627595914808,0.5333333333333332,0.9845979631595895,1.0,0.0016089450000735805,1.1102230246251565e-16,0.004596985714496071,0.0
A,Group_1,1666,0.806333675439116,0.03141139385070624,0.8126490290336407,0.48619105506908866,0.813279809648781,0.5333333333333333,0.9800009774450934,1.0,0.0016089450000735805,1.1102230246251565e-16,0.004596985714496071,0.0
