sensitive_attribute,group,n_samples,mean_dox,std_dox,median_dox,min_dox,max_dox,mean_clarity,mean_distinctiveness,mean_coverage,dox_gap,clarity_gap,distinctiveness_gap,coverage_gap
A,Group_0,1634,0.8116521120969072,0.016379212858616952,0.8131664908646126,0.5012257085431874,0.8133178813476881,0.5333333333333332,0.9951965107530686,1.0,0.0008167958622392613,1.1102230246251565e-16,0.002333702463541143,0.0
A,Group_1,1666,0.810835316234668,0.020202065965748167,0.8131684434702999,0.4666651436320055,0.8133199464223211,0.5333333333333333,0.9928628082895274,1.0,0.0008167958622392613,1.1102230246251565e-16,0.002333702463541143,0.0
