sensitive_attribute,group,n_samples,mean_dox,std_dox,median_dox,min_dox,max_dox,mean_clarity,mean_distinctiveness,mean_coverage,dox_gap,clarity_gap,distinctiveness_gap,coverage_gap
A,Group_0,1634,0.8107357403471984,0.018453298248659884,0.8129111471898968,0.48831827324277755,0.8133064034745608,0.5333333333333332,0.9925783057539003,1.0,0.0006749054430656987,1.1102230246251565e-16,0.0019283012659019327,0.0
A,Group_1,1666,0.8100608349041327,0.02025214025628442,0.8129020714350429,0.5129281569402063,0.8133109172434814,0.5333333333333333,0.9906500044879983,1.0,0.0006749054430656987,1.1102230246251565e-16,0.0019283012659019327,0.0
