sensitive_attribute,group,n_samples,mean_dox,std_dox,median_dox,min_dox,max_dox,mean_clarity,mean_distinctiveness,mean_coverage,dox_gap,clarity_gap,distinctiveness_gap,coverage_gap
A,Group_0,1634,0.8087844425024966,0.02497921149289104,0.8127172972532681,0.48562233546421585,0.8132722747174735,0.5333333333333332,0.9870031690547519,1.0,0.0012684936329436791,1.1102230246251565e-16,0.0036242675226958454,0.0
A,Group_1,1666,0.8075159488695529,0.028736586965625498,0.8127411155085611,0.47368443618211,0.8132870263759375,0.5333333333333333,0.9833789015320561,1.0,0.0012684936329436791,1.1102230246251565e-16,0.0036242675226958454,0.0
