sensitive_attribute,group,n_samples,mean_dox,std_dox,median_dox,min_dox,max_dox,mean_clarity,mean_distinctiveness,mean_coverage,dox_gap,clarity_gap,distinctiveness_gap,coverage_gap
A,Group_0,1634,0.8112604809942586,0.018174954164041485,0.8130717711984352,0.4653804198393185,0.8133102665152001,0.5333333333333332,0.9940775647455007,1.0,0.0007473488911213799,1.1102230246251565e-16,0.0021352825460608793,0.0
A,Group_1,1666,0.8105131321031372,0.020602401677949127,0.8130761382630239,0.468883543876898,0.8133132523715001,0.5333333333333333,0.9919422821994398,1.0,0.0007473488911213799,1.1102230246251565e-16,0.0021352825460608793,0.0
