sensitive_attribute,group,n_samples,mean_dox,std_dox,median_dox,min_dox,max_dox,mean_clarity,mean_distinctiveness,mean_coverage,dox_gap,clarity_gap,distinctiveness_gap,coverage_gap
A,Group_0,1634,0.8035291315800991,0.036584624092611595,0.8118093926247588,0.46805086986380257,0.8131818439593517,0.5333333333333332,0.9719879949907595,1.0,0.002381315940760742,1.1102230246251565e-16,0.006803759830745326,0.0
A,Group_1,1666,0.8011478156393383,0.04263497761304169,0.8118681297751771,0.47475073289093594,0.8132184345689322,0.5333333333333333,0.9651842351600142,1.0,0.002381315940760742,1.1102230246251565e-16,0.006803759830745326,0.0
