sensitive_attribute,group,n_samples,mean_dox,std_dox,median_dox,min_dox,max_dox,mean_clarity,mean_distinctiveness,mean_coverage,dox_gap,clarity_gap,distinctiveness_gap,coverage_gap
A,Group_0,1634,0.7980187725788899,0.045949479834889784,0.8124452194833851,0.5090008672747939,0.8132452303460722,0.5333333333333332,0.9562441121301613,1.0,0.0018582242960606399,1.1102230246251565e-16,0.005309212274458575,0.0
A,Group_1,1666,0.7961605482828292,0.0505160665573623,0.8124795251342282,0.4989721107825361,0.8132665143194093,0.5333333333333333,0.9509348998557027,1.0,0.0018582242960606399,1.1102230246251565e-16,0.005309212274458575,0.0
