sensitive_attribute,group,n_samples,mean_dox,std_dox,median_dox,min_dox,max_dox,mean_clarity,mean_distinctiveness,mean_coverage,dox_gap,clarity_gap,distinctiveness_gap,coverage_gap
A,Group_0,1634,0.8006342554184578,0.041951790719236874,0.8113092121810945,0.4711534710321712,0.8131317968473557,0.5333333333333332,0.963716920243213,1.0,0.0025609092090569385,1.1102230246251565e-16,0.007316883454448697,0.0
A,Group_1,1666,0.7980733462094008,0.048631336717921476,0.8113870930243792,0.46490479847254196,0.813180469189042,0.5333333333333333,0.9564000367887643,1.0,0.0025609092090569385,1.1102230246251565e-16,0.007316883454448697,0.0
