sensitive_attribute,group,n_samples,mean_dox,std_dox,median_dox,min_dox,max_dox,mean_clarity,mean_distinctiveness,mean_coverage,dox_gap,clarity_gap,distinctiveness_gap,coverage_gap
A,Group_0,1634,0.800200880404189,0.04277288924463897,0.8126556854430516,0.4907701056302225,0.8132661546965615,0.5333333333333332,0.9624787059167308,1.0,0.0018961765867473446,1.1102230246251565e-16,0.005417647390706937,0.0
A,Group_1,1666,0.7983047038174417,0.047339827697236596,0.8126818802866329,0.4790232637842169,0.8132823846726396,0.5333333333333333,0.9570610585260239,1.0,0.0018961765867473446,1.1102230246251565e-16,0.005417647390706937,0.0
