sensitive_attribute,group,n_samples,mean_dox,std_dox,median_dox,min_dox,max_dox,mean_clarity,mean_distinctiveness,mean_coverage,dox_gap,clarity_gap,distinctiveness_gap,coverage_gap
A,Group_0,1634,0.8040693080409893,0.03647943714328836,0.8129693060917991,0.46355159349040687,0.8132972819510365,0.5333333333333332,0.9735313563075886,1.0,0.0019284647419909318,1.1102230246251565e-16,0.005509899262831741,0.0
A,Group_1,1666,0.8021408432989984,0.04086879481715356,0.8129833929481948,0.46737012837605446,0.8133059924941849,0.5333333333333333,0.9680214570447568,1.0,0.0019284647419909318,1.1102230246251565e-16,0.005509899262831741,0.0
