sensitive_attribute,group,n_samples,mean_dox,std_dox,median_dox,min_dox,max_dox,mean_clarity,mean_distinctiveness,mean_coverage,dox_gap,clarity_gap,distinctiveness_gap,coverage_gap
A,Group_0,1634,0.8073088466358943,0.026380552086868146,0.8120557793580777,0.493796928971278,0.813206437476385,0.5333333333333332,0.9827871808644599,1.0,0.0013136870944071566,1.1102230246251565e-16,0.003753391698306241,0.0
A,Group_1,1666,0.8059951595414871,0.030293576157790898,0.8121050619247627,0.49231393179754124,0.8132370898325292,0.5333333333333333,0.9790337891661537,1.0,0.0013136870944071566,1.1102230246251565e-16,0.003753391698306241,0.0
