sensitive_attribute,group,n_samples,mean_dox,std_dox,median_dox,min_dox,max_dox,mean_clarity,mean_distinctiveness,mean_coverage,dox_gap,clarity_gap,distinctiveness_gap,coverage_gap
A,Group_0,1634,0.8079137478094809,0.02794289594623932,0.8127487036859921,0.48113788628358073,0.8132753934438856,0.5333333333333332,0.9845154699318502,1.0,0.0017371059533707323,1.1102230246251565e-16,0.004963159866773648,0.0
A,Group_1,1666,0.8061766418561102,0.03228064250733655,0.812771310093962,0.46847891219239773,0.8132893917415883,0.5333333333333333,0.9795523100650766,1.0,0.0017371059533707323,1.1102230246251565e-16,0.004963159866773648,0.0
