sensitive_attribute,group,n_samples,mean_dox,std_dox,median_dox,min_dox,max_dox,mean_clarity,mean_distinctiveness,mean_coverage,dox_gap,clarity_gap,distinctiveness_gap,coverage_gap
A,Group_0,1634,0.8109837328960972,0.019250162945965193,0.8131124721640154,0.47867106364559164,0.8133114704658257,0.5333333333333332,0.9932868558936112,1.0,0.0008276158114892684,1.1102230246251565e-16,0.002364616604255354,0.0
A,Group_1,1666,0.8101561170846079,0.022593676275162677,0.8131210230919932,0.4822391147750909,0.8133167530585581,0.5333333333333333,0.9909222392893559,1.0,0.0008276158114892684,1.1102230246251565e-16,0.002364616604255354,0.0
