sensitive_attribute,group,n_samples,mean_dox,std_dox,median_dox,min_dox,max_dox,mean_clarity,mean_distinctiveness,mean_coverage,dox_gap,clarity_gap,distinctiveness_gap,coverage_gap
A,Group_0,1634,0.8040807986463511,0.03411878951037819,0.8112242268516789,0.46827854131617747,0.813123277252812,0.5333333333333332,0.973564186608622,1.0,0.0022203464571592946,1.1102230246251565e-16,0.006343847020454874,0.0
A,Group_1,1666,0.8018604521891918,0.039828060031126995,0.8113053537672883,0.4641054661668802,0.8131740059590683,0.5333333333333333,0.9672203395881671,1.0,0.0022203464571592946,1.1102230246251565e-16,0.006343847020454874,0.0
