sensitive_attribute,group,n_samples,mean_dox,std_dox,median_dox,min_dox,max_dox,mean_clarity,mean_distinctiveness,mean_coverage,dox_gap,clarity_gap,distinctiveness_gap,coverage_gap
A,Group_0,1634,0.797124554257729,0.04550949387577204,0.8094789357028265,0.4653541563810559,0.8129472721240464,0.5333333333333332,0.9536892026411308,1.0,0.003049771901370013,1.1102230246251565e-16,0.008713634003914228,0.0
A,Group_1,1666,0.794074782356359,0.0543377300802951,0.8096262998408007,0.46376414514433084,0.813040461712589,0.5333333333333333,0.9449755686372165,1.0,0.003049771901370013,1.1102230246251565e-16,0.008713634003914228,0.0
