sensitive_attribute,group,n_samples,mean_dox,std_dox,median_dox,min_dox,max_dox,mean_clarity,mean_distinctiveness,mean_coverage,dox_gap,clarity_gap,distinctiveness_gap,coverage_gap
A,Group_0,1634,0.8030826659643084,0.036518215195778865,0.8110753898696967,0.46723827631075293,0.8131083453593512,0.5333333333333332,0.9707123789456432,1.0,0.002477844381588379,1.1102230246251565e-16,0.007079555375966828,0.0
A,Group_1,1666,0.8006048215827201,0.04288143453847158,0.8111621970817444,0.4702234469816338,0.8131626779299649,0.5333333333333333,0.9636328235696764,1.0,0.002477844381588379,1.1102230246251565e-16,0.007079555375966828,0.0
