sensitive_attribute,group,n_samples,mean_dox,std_dox,median_dox,min_dox,max_dox,mean_clarity,mean_distinctiveness,mean_coverage,dox_gap,clarity_gap,distinctiveness_gap,coverage_gap
A,Group_0,1634,0.8097779473700972,0.022734091705520078,0.8132380764803961,0.5340127902841562,0.8133239077475964,0.5333333333333332,0.9898417543907541,1.0,0.001477272033156618,1.1102230246251565e-16,0.004220777237590179,0.0
A,Group_1,1666,0.8083006753369406,0.02732161213990566,0.8132417660650957,0.5027040795048241,0.8133261852717178,0.5333333333333333,0.9856209771531639,1.0,0.001477272033156618,1.1102230246251565e-16,0.004220777237590179,0.0
