sensitive_attribute,group,n_samples,mean_dox,std_dox,median_dox,min_dox,max_dox,mean_clarity,mean_distinctiveness,mean_coverage,dox_gap,clarity_gap,distinctiveness_gap,coverage_gap
A,Group_0,1634,0.7903106052885804,0.05988907030630833,0.8096527609590574,0.4645797780761749,0.8129592823570986,0.5333333333333332,0.9342207770149915,1.0,3.8977851892996185e-05,1.1102230246251565e-16,0.00011136529112310001,0.0
A,Group_1,1666,0.7903495831404734,0.05678097502708909,0.8097234833799203,0.4653375391989192,0.8129925314710479,0.5333333333333333,0.9343321423061146,1.0,3.8977851892996185e-05,1.1102230246251565e-16,0.00011136529112310001,0.0
