sensitive_attribute,group,n_samples,mean_dox,std_dox,median_dox,min_dox,max_dox,mean_clarity,mean_distinctiveness,mean_coverage,dox_gap,clarity_gap,distinctiveness_gap,coverage_gap
A,Group_0,1634,0.7908196051655749,0.0572524105142739,0.8097037040249566,0.46450225415025836,0.812968312206242,0.5333333333333332,0.935675062377833,1.0,0.0017028328979152851,1.1102230246251565e-16,0.00486523685118645,0.0
A,Group_1,1666,0.7891167722676596,0.06142135324544553,0.8097467357761172,0.46340280450018745,0.8129974944219744,0.5333333333333333,0.9308098255266466,1.0,0.0017028328979152851,1.1102230246251565e-16,0.00486523685118645,0.0
