sensitive_attribute,group,n_samples,mean_dox,std_dox,median_dox,min_dox,max_dox,mean_clarity,mean_distinctiveness,mean_coverage,dox_gap,clarity_gap,distinctiveness_gap,coverage_gap
A,Group_0,1634,0.8078935720172682,0.023786907056690784,0.8120707941026983,0.5007237911540746,0.8132079349331223,0.5333333333333332,0.9844578248112428,1.0,0.0011464722954538376,1.1102230246251565e-16,0.0032756351298682818,0.0
A,Group_1,1666,0.8067470997218144,0.02746288319136403,0.8121194999871174,0.495727944640214,0.8132382256937014,0.5333333333333333,0.9811821896813745,1.0,0.0011464722954538376,1.1102230246251565e-16,0.0032756351298682818,0.0
