sensitive_attribute,group,n_samples,mean_dox,std_dox,median_dox,min_dox,max_dox,mean_clarity,mean_distinctiveness,mean_coverage,dox_gap,clarity_gap,distinctiveness_gap,coverage_gap
A,Group_0,1634,0.7909419547475227,0.05684085935818215,0.8098418036195627,0.46753777717433986,0.8129864231360195,0.5333333333333332,0.9360246326119699,1.0,0.0016678040321301824,1.1102230246251565e-16,0.004765154377514902,0.0
A,Group_1,1666,0.7892741507153925,0.060431141645008825,0.8099927312479216,0.46473156893520795,0.8130062557833307,0.5333333333333333,0.931259478234455,1.0,0.0016678040321301824,1.1102230246251565e-16,0.004765154377514902,0.0
