sensitive_attribute,group,n_samples,mean_dox,std_dox,median_dox,min_dox,max_dox,mean_clarity,mean_distinctiveness,mean_coverage,dox_gap,clarity_gap,distinctiveness_gap,coverage_gap
A,Group_0,1634,0.7907219829290645,0.0576152397740571,0.8097222650479939,0.4651991778782032,0.8129750608790159,0.5333333333333332,0.9353961417020888,1.0,0.001726147222424368,1.1102230246251565e-16,0.004931849206926464,0.0
A,Group_1,1666,0.7889958357066401,0.06162630059367801,0.8098447685169141,0.4642570408117058,0.8130004653704066,0.5333333333333333,0.9304642924951624,1.0,0.001726147222424368,1.1102230246251565e-16,0.004931849206926464,0.0
