sensitive_attribute,group,n_samples,mean_dox,std_dox,median_dox,min_dox,max_dox,mean_clarity,mean_distinctiveness,mean_coverage,dox_gap,clarity_gap,distinctiveness_gap,coverage_gap
A,Group_0,1634,0.8089771238567742,0.02485857321517801,0.8127947973495102,0.47528231174224067,0.8132799695003822,0.5333333333333332,0.9875536872098309,1.0,0.0012440974588080467,1.1102230246251565e-16,0.0035545641680230222,0.0
A,Group_1,1666,0.8077330263979662,0.02852427688309989,0.8128156247140068,0.46529893284879825,0.8132928623810555,0.5333333333333333,0.9839991230418079,1.0,0.0012440974588080467,1.1102230246251565e-16,0.0035545641680230222,0.0
