sensitive_attribute,group,n_samples,mean_dox,std_dox,median_dox,min_dox,max_dox,mean_clarity,mean_distinctiveness,mean_coverage,dox_gap,clarity_gap,distinctiveness_gap,coverage_gap
A,Group_0,1634,0.8113386470176054,0.01684202465594225,0.8132794931771206,0.5655688337115514,0.8133280066052052,0.5333333333333332,0.9943008962407772,1.0,0.000917541689968493,1.1102230246251565e-16,0.0026215476856240594,0.0
A,Group_1,1666,0.8104211053276369,0.02163285033875188,0.8132815788650705,0.4895175222291217,0.8133292937280243,0.5333333333333333,0.9916793485551532,1.0,0.000917541689968493,1.1102230246251565e-16,0.0026215476856240594,0.0
