sensitive_attribute,group,n_samples,mean_dox,std_dox,median_dox,min_dox,max_dox,mean_clarity,mean_distinctiveness,mean_coverage,dox_gap,clarity_gap,distinctiveness_gap,coverage_gap
A,Group_0,1634,0.7906894017907895,0.05802168376621019,0.8097846007913729,0.4710034226588163,0.8129806104930559,0.5333333333333332,0.9353030527355889,1.0,0.0014108041260707527,1.1102230246251565e-16,0.004030868931630849,0.0
A,Group_1,1666,0.7892785976647188,0.06024715880462171,0.8099208329445766,0.46384923820608287,0.8130023992768356,0.5333333333333333,0.931272183803958,1.0,0.0014108041260707527,1.1102230246251565e-16,0.004030868931630849,0.0
