sensitive_attribute,group,n_samples,mean_dox,std_dox,median_dox,min_dox,max_dox,mean_clarity,mean_distinctiveness,mean_coverage,dox_gap,clarity_gap,distinctiveness_gap,coverage_gap
A,Group_0,1634,0.8083878778962984,0.026045252142030042,0.812669907588387,0.4910450750565333,0.813267567625822,0.5333333333333332,0.985870127322757,1.0,0.0014187643188655619,1.1102230246251565e-16,0.004053612339615875,0.0
A,Group_1,1666,0.8069691135774328,0.02999231610329338,0.8126955539225333,0.48021391018987636,0.813283456307058,0.5333333333333333,0.9818165149831412,1.0,0.0014187643188655619,1.1102230246251565e-16,0.004053612339615875,0.0
