sensitive_attribute,group,n_samples,mean_dox,std_dox,median_dox,min_dox,max_dox,mean_clarity,mean_distinctiveness,mean_coverage,dox_gap,clarity_gap,distinctiveness_gap,coverage_gap
A,Group_0,1634,0.7908384334113733,0.05725907997390583,0.8097538194943463,0.47017649402982264,0.8129735256496351,0.5333333333333332,0.9357288573658287,1.0,0.0016357540276673577,1.1102230246251565e-16,0.004673582936192688,0.0
A,Group_1,1666,0.7892026793837059,0.060792730547592336,0.8098075170387491,0.4707710190976899,0.8130006695100879,0.5333333333333333,0.931055274429636,1.0,0.0016357540276673577,1.1102230246251565e-16,0.004673582936192688,0.0
