sensitive_attribute,group,n_samples,mean_dox,std_dox,median_dox,min_dox,max_dox,mean_clarity,mean_distinctiveness,mean_coverage,dox_gap,clarity_gap,distinctiveness_gap,coverage_gap
A,Group_0,2475,0.8115323124513159,0.01770576530806072,0.8131996128917182,0.479847598941459,0.8133240658646418,0.5333333333333333,0.9948542260513786,1.0,0.0003261956493625373,1.1102230246251565e-16,0.0009319875696073288,0.0
A,Group_1,1733,0.8112061168019533,0.015624535744862167,0.8131285894329469,0.5747774906545777,0.8132960633361958,0.5333333333333332,0.9939222384817713,1.0,0.0003261956493625373,1.1102230246251565e-16,0.0009319875696073288,0.0
