sensitive_attribute,group,n_samples,mean_dox,std_dox,median_dox,min_dox,max_dox,mean_clarity,mean_distinctiveness,mean_coverage,dox_gap,clarity_gap,distinctiveness_gap,coverage_gap
A,Group_0,2474,0.8117995976080163,0.013840527710925784,0.8132170230604989,0.5277339148278942,0.8133247984108095,0.5333333333333332,0.9956178979276658,1.0,0.0014274846376649553,1.1102230246251565e-16,0.004078527536185428,0.0
A,Group_1,743,0.8132270822456813,6.740061775737574e-05,0.8132542451658268,0.8130045108921989,0.81329534315865,0.5333333333333333,0.9996964254638512,1.0,0.0014274846376649553,1.1102230246251565e-16,0.004078527536185428,0.0
