sensitive_attribute,group,n_samples,mean_dox,std_dox,median_dox,min_dox,max_dox,mean_clarity,mean_distinctiveness,mean_coverage,dox_gap,clarity_gap,distinctiveness_gap,coverage_gap
A,Group_0,2475,0.8076854053167845,0.02770340479518619,0.8123447002402412,0.4658787598483951,0.8132473852900479,0.5333333333333333,0.9838630628098606,1.0,0.004191549679729234,0.0,0.011975856227797621,0.0
A,Group_1,990,0.8118769549965137,0.0011965079954767142,0.8122559140061429,0.8064015786052285,0.8130146067438033,0.5333333333333333,0.9958389190376582,1.0,0.004191549679729234,0.0,0.011975856227797621,0.0
