sensitive_attribute,group,n_samples,mean_dox,std_dox,median_dox,min_dox,max_dox,mean_clarity,mean_distinctiveness,mean_coverage,dox_gap,clarity_gap,distinctiveness_gap,coverage_gap
A,Group_0,2475,0.8084134291772332,0.022195527759582844,0.8121386356109704,0.4975291750635925,0.8132435158182055,0.5333333333333333,0.9859431309825709,1.0,0.002536114726641281,0.0,0.007246042076117676,0.0
A,Group_1,1485,0.805877314450592,0.02774651567626366,0.8112074393964431,0.48320605325508564,0.8128628581311388,0.5333333333333333,0.9786970889064532,1.0,0.002536114726641281,0.0,0.007246042076117676,0.0
