sensitive_attribute,group,n_samples,mean_dox,std_dox,median_dox,min_dox,max_dox,mean_clarity,mean_distinctiveness,mean_coverage,dox_gap,clarity_gap,distinctiveness_gap,coverage_gap
A,Group_0,2475,0.8111575652478933,0.018477066396695527,0.8131542428595784,0.4673251745839957,0.8133165514586539,0.5333333333333333,0.9937835197558855,1.0,0.002044804957544888,1.1102230246251565e-16,0.005842299878699886,0.0
A,Group_1,495,0.8132023702054382,7.694988629205769e-05,0.8132400101062406,0.8130103124709259,0.8132790216737965,0.5333333333333332,0.9996258196345854,1.0,0.002044804957544888,1.1102230246251565e-16,0.005842299878699886,0.0
