sensitive_attribute,group,n_samples,mean_dox,std_dox,median_dox,min_dox,max_dox,mean_clarity,mean_distinctiveness,mean_coverage,dox_gap,clarity_gap,distinctiveness_gap,coverage_gap
A,Group_0,2475,0.8109992229399239,0.01577358649719196,0.8129080429106215,0.5235162444415631,0.8133049254339276,0.5333333333333333,0.9933311131616872,1.0,0.00021898910377882164,0.0,0.0006256831536537444,0.0
A,Group_1,1980,0.8112182120437027,0.014502451070697071,0.8129184394514464,0.4983740803701554,0.8133035031067146,0.5333333333333333,0.993956796315341,1.0,0.00021898910377882164,0.0,0.0006256831536537444,0.0
