sensitive_attribute,group,n_samples,mean_dox,std_dox,median_dox,min_dox,max_dox,mean_clarity,mean_distinctiveness,mean_coverage,dox_gap,clarity_gap,distinctiveness_gap,coverage_gap
A,Group_0,2475,0.8108608576654343,0.019339799063422092,0.8130483247014715,0.4643814469463957,0.8133121584781847,0.5333333333333333,0.9929357838060024,1.0,0.0004256496040109248,0.0,0.0012161417257453566,0.0
A,Group_1,1485,0.8104352080614233,0.022267213660784206,0.8130528882965017,0.4715712020494193,0.8133111296517251,0.5333333333333333,0.9917196420802571,1.0,0.0004256496040109248,0.0,0.0012161417257453566,0.0
