sensitive_attribute,group,n_samples,mean_dox,std_dox,median_dox,min_dox,max_dox,mean_clarity,mean_distinctiveness,mean_coverage,dox_gap,clarity_gap,distinctiveness_gap,coverage_gap
A,Group_0,2474,0.812300886914257,0.012585104767922094,0.8132949626892334,0.5753435528127488,0.8133296149733601,0.5333333333333332,0.997050153088353,1.0,0.0003736387311303879,1.1102230246251565e-16,0.00106753923180114,0.0
A,Group_1,248,0.8126745256453873,0.006578389745705561,0.8132922681887617,0.715298744156486,0.8133292971837476,0.5333333333333333,0.9981176923201541,1.0,0.0003736387311303879,1.1102230246251565e-16,0.00106753923180114,0.0
