sensitive_attribute,group,n_samples,mean_dox,std_dox,median_dox,min_dox,max_dox,mean_clarity,mean_distinctiveness,mean_coverage,dox_gap,clarity_gap,distinctiveness_gap,coverage_gap
A,Group_0,2475,0.8117235682286372,0.015582808018031646,0.8130906929672773,0.47260768504994666,0.8133192021424569,0.5333333333333333,0.9954006711294398,1.0,0.00019735373578166904,0.0,0.0005638678165190703,0.0
A,Group_1,1238,0.8115262144928556,0.014730873139424446,0.8131017070822895,0.4926404832896998,0.8133184555712178,0.5333333333333333,0.9948368033129207,1.0,0.00019735373578166904,0.0,0.0005638678165190703,0.0
