sensitive_attribute,group,n_samples,mean_dox,std_dox,median_dox,min_dox,max_dox,mean_clarity,mean_distinctiveness,mean_coverage,dox_gap,clarity_gap,distinctiveness_gap,coverage_gap
A,Group_0,2475,0.8113884474212444,0.015585347829641601,0.8130234409780772,0.46579768277968936,0.8132998557622962,0.5333333333333333,0.9944431831083173,1.0,0.00038689237850297875,1.1102230246251565e-16,0.0011054067957226854,0.0
A,Group_1,495,0.8110015550427414,0.019148060513760515,0.8130136906690053,0.5395191742034428,0.8133092220618516,0.5333333333333332,0.9933377763125946,1.0,0.00038689237850297875,1.1102230246251565e-16,0.0011054067957226854,0.0
