sensitive_attribute,group,n_samples,mean_dox,std_dox,median_dox,min_dox,max_dox,mean_clarity,mean_distinctiveness,mean_coverage,dox_gap,clarity_gap,distinctiveness_gap,coverage_gap
A,Group_0,2475,0.8125616267098186,0.010450641635874124,0.8133011917074408,0.5586337961767841,0.8133305605315524,0.5333333333333333,0.997795123932815,1.0,7.279905596635494e-05,0.0,0.00020799730276099826,0.0
A,Group_1,990,0.8126344257657849,0.009020833130694765,0.8133030748188967,0.6040838445456628,0.8133313160397345,0.5333333333333333,0.998003121235576,1.0,7.279905596635494e-05,0.0,0.00020799730276099826,0.0
