model_type,train_accuracy,test_accuracy,sensitive_attribute,reference_group,group,n_samples,tpr,fpr,fnr,accuracy,ACC,PE,EOR_FNR,SP,DI,EOD,EOR_TPR,AOD
LogisticRegression,0.8470149253731343,0.8357575757575758,A,0,0,1634,0.7760330578512397,0.13443396226415094,0.22396694214876034,0.799265605875153,1.0,0.0,1.0,0.0,1.0,0.0,1.0,0.0
LogisticRegression,0.8470149253731343,0.8357575757575758,A,0,1,1666,0.9090909090909091,0.13811320754716983,0.09090909090909091,0.8715486194477791,1.090436787272336,0.0036792452830188838,0.4059040590405904,-0.31362875627607223,0.48547250225391364,0.06836854826134414,1.1714589989350372,0.06836854826134414
