model_type,train_accuracy,test_accuracy,sensitive_attribute,reference_group,group,n_samples,tpr,fpr,fnr,accuracy,ACC,PE,EOR_FNR,SP,DI,EOD,EOR_TPR,AOD
LogisticRegression,0.8440298507462687,0.8272727272727273,A,0,0,1634,0.7550335570469798,0.1425339366515837,0.24496644295302014,0.7827417380660955,1.0,0.0,1.0,0.0,1.0,0.0,1.0,0.0
LogisticRegression,0.8440298507462687,0.8272727272727273,A,0,1,1666,0.9075144508670521,0.13863636363636364,0.09248554913294797,0.8709483793517407,1.1126893290545303,-0.0038975730152200627,0.37754374851532185,-0.29103195745862603,0.5061825353194237,0.07818923341764615,1.201952472703918,0.07429166040242609
