model_type,train_accuracy,test_accuracy,sensitive_attribute,reference_group,group,n_samples,tpr,fpr,fnr,accuracy,overall_fairness_score,DI,SP,EOD,AOD,PE,EOR_TPR,ACC,EOR_FNR
LogisticRegression,0.8474626865671642,0.8315151515151515,A,0,1,1666,0.9064327485380117,0.13972809667673716,0.0935672514619883,0.8697478991596639,0.2119545243752455,0.4933863789418207,-0.30508433483552533,0.06952801093524273,0.06837850945955494,-0.001149501475687792,1.1794428288127323,1.0974270789396838,0.4042239892296689
