model_type,train_accuracy,test_accuracy,sensitive_attribute,reference_group,group,n_samples,tpr,fpr,fnr,accuracy,overall_fairness_score,DI,SP,EOD,AOD,PE,EOR_TPR,ACC,EOR_FNR
LogisticRegression,0.8452238805970149,0.8309090909090909,A,0,1,1666,0.9043478260869565,0.13853141559424678,0.09565217391304348,0.8703481392557023,0.21256135333677964,0.5015415257011896,-0.2952924131708987,0.07551828488055218,0.07551828488055218,0.008394429292876926,1.1872667398463228,1.1007344114116235,0.4014035087719298
