model_type,train_accuracy,test_accuracy,sensitive_attribute,reference_group,group,n_samples,tpr,fpr,fnr,accuracy,overall_fairness_score,DI,SP,EOD,AOD,PE,EOR_TPR,ACC,EOR_FNR
LogisticRegression,0.8474626865671642,0.8396969696969697,A,0,1,1666,0.9117647058823529,0.13725490196078433,0.08823529411764706,0.8727490996398559,0.214055605137995,0.4791954517656119,-0.3209609425165415,0.06583236034782734,0.06583236034782734,0.004553480159836448,1.1619966598626832,1.0828185488318334,0.40973630831643004
