model_type,train_accuracy,test_accuracy,sensitive_attribute,reference_group,group,n_samples,tpr,fpr,fnr,accuracy,overall_fairness_score,DI,SP,EOD,AOD,PE,EOR_TPR,ACC,EOR_FNR
LogisticRegression,0.8471641791044776,0.8406060606060606,A,0,1,1666,0.908284023668639,0.1430722891566265,0.09171597633136094,0.8673469387755102,0.21450506745809467,0.48215013008170626,-0.3204077224525061,0.0718742376302657,0.0718742376302657,0.025283827618164972,1.1499895434806677,1.0663994717525835,0.43636741863905326
