model_type,train_accuracy,test_accuracy,sensitive_attribute,reference_group,group,n_samples,tpr,fpr,fnr,accuracy,overall_fairness_score,DI,SP,EOD,AOD,PE,EOR_TPR,ACC,EOR_FNR
LogisticRegression,0.8440298507462687,0.8272727272727273,A,0,1,1666,0.9075144508670521,0.13863636363636364,0.09248554913294797,0.8709483793517407,0.21370003648599473,0.5061825353194237,-0.29103195745862603,0.07818923341764615,0.07429166040242609,-0.0038975730152200627,1.201952472703918,1.1126893290545303,0.37754374851532185
