model_type,train_accuracy,test_accuracy,sensitive_attribute,reference_group,group,n_samples,tpr,fpr,fnr,accuracy,overall_fairness_score,DI,SP,EOD,AOD,PE,EOR_TPR,ACC,EOR_FNR
LogisticRegression,0.8507462686567164,0.8421212121212122,A,0,1,1666,0.9101796407185628,0.14264264264264265,0.08982035928143713,0.8679471788715486,0.21307839187463481,0.4759444052670184,-0.3264924084688955,0.06569165974206283,0.06569165974206283,0.01675190630059989,1.144091092426546,1.0639352515199627,0.43932296696928724
