model_type,train_accuracy,test_accuracy,sensitive_attribute,reference_group,group,n_samples,tpr,fpr,fnr,accuracy,ACC,PE,EOR_FNR,SP,DI,EOD,EOR_TPR,AOD
LogisticRegression,0.8474626865671642,0.8315151515151515,A,0,0,1634,0.768526228143214,0.14087759815242495,0.231473771856786,0.7925336597307222,1.0,0.0,1.0,0.0,1.0,0.0,1.0,0.0
LogisticRegression,0.8474626865671642,0.8315151515151515,A,0,1,1666,0.9064327485380117,0.13972809667673716,0.0935672514619883,0.8697478991596639,1.0974270789396838,-0.001149501475687792,0.4042239892296689,-0.30508433483552533,0.4933863789418207,0.06952801093524273,1.1794428288127323,0.06837850945955494
