model_type,train_accuracy,test_accuracy,sensitive_attribute,reference_group,group,n_samples,tpr,fpr,fnr,accuracy,overall_fairness_score,DI,SP,EOD,AOD,PE,EOR_TPR,ACC,EOR_FNR
LogisticRegression,0.8522388059701492,0.8424242424242424,A,0,1,1666,0.9074626865671642,0.13974455296769348,0.09253731343283582,0.8697478991596639,0.21460779152916729,0.4730199166280685,-0.32766937864497087,0.06713624081766752,0.06713624081766752,0.019262625256850102,1.145131485429993,1.0677446034762514,0.4458616010854817
