model_type,train_accuracy,test_accuracy,sensitive_attribute,reference_group,group,n_samples,tpr,fpr,fnr,accuracy,ACC,PE,EOR_FNR,SP,DI,EOD,EOR_TPR,AOD
LogisticRegression,0.843134328358209,0.8284848484848485,A,0,0,1634,0.7544303797468355,0.13808463251670378,0.24556962025316456,0.7839657282741738,1.0,0.0,1.0,0.0,1.0,0.0,1.0,0.0
LogisticRegression,0.843134328358209,0.8284848484848485,A,0,1,1666,0.9028571428571428,0.13601823708206687,0.09714285714285714,0.8721488595438175,1.112483400854487,-0.0020663954346369084,0.39558173784977907,-0.2879484719224287,0.5078370260237987,0.07524657927247212,1.1967401725790987,0.07318018383783521
