model_type,train_accuracy,test_accuracy,sensitive_attribute,reference_group,group,n_samples,tpr,fpr,fnr,accuracy,overall_fairness_score,DI,SP,EOD,AOD,PE,EOR_TPR,ACC,EOR_FNR
LogisticRegression,0.843134328358209,0.8284848484848485,A,0,1,1666,0.9028571428571428,0.13601823708206687,0.09714285714285714,0.8721488595438175,0.21084435843277843,0.5078370260237987,-0.2879484719224287,0.07524657927247212,0.07318018383783521,-0.0020663954346369084,1.1967401725790987,1.112483400854487,0.39558173784977907
