model_type,train_accuracy,test_accuracy,sensitive_attribute,reference_group,group,n_samples,tpr,fpr,fnr,accuracy,overall_fairness_score,DI,SP,EOD,AOD,PE,EOR_TPR,ACC,EOR_FNR
LogisticRegression,0.8543463835434638,0.8511784511784511,A,0,1,495,0.9682539682539683,0.09259259259259259,0.031746031746031744,0.9151515151515152,0.23083198969323968,0.4574275362318841,-0.242020202020202,0.09991892285590212,0.08122248422351472,-0.018696438632387402,1.2301340570770622,1.0915662650602411,0.14912120659247097
