model_type,train_accuracy,test_accuracy,sensitive_attribute,reference_group,group,n_samples,tpr,fpr,fnr,accuracy,ACC,PE,EOR_FNR,SP,DI,EOD,EOR_TPR,AOD
LogisticRegression,0.8392459899309215,0.8367395437262357,A,0,1,1733,0.9371069182389937,0.1413427561837456,0.06289308176100629,0.8730525100980958,1.0760980888908303,0.009139366353237116,0.2857142857142857,-0.26091987386851784,0.5241144525979501,0.0831860353778764,1.2016129032258065,0.0831860353778764
