model_type,train_accuracy,test_accuracy,sensitive_attribute,reference_group,group,n_samples,tpr,fpr,fnr,accuracy,ACC,PE,EOR_FNR,SP,DI,EOD,EOR_TPR,AOD
LogisticRegression,0.8375718708536046,0.835016835016835,A,0,1,1980,0.928921568627451,0.15012722646310434,0.07107843137254902,0.8661616161616161,1.0692019950124687,0.014635619748476048,0.3267218652166749,-0.2538383838383838,0.550286327845383,0.0805537312994809,1.187196490745831,0.0805537312994809
