model_type,train_accuracy,test_accuracy,sensitive_attribute,reference_group,group,n_samples,tpr,fpr,fnr,accuracy,overall_fairness_score,DI,SP,EOD,AOD,PE,EOR_TPR,ACC,EOR_FNR
LogisticRegression,0.8536011581614188,0.8548861131520941,A,0,1,248,1.0,0.0871559633027523,0.0,0.9233870967741935,0.2361890360313747,0.4731989507541454,-0.2199617962291705,0.1131964865179781,0.09218467940130436,-0.021011807116673747,1.2584650112866815,1.0888749654048402,0.0
