model_type,train_accuracy,test_accuracy,sensitive_attribute,reference_group,group,n_samples,tpr,fpr,fnr,accuracy,ACC,PE,EOR_FNR,SP,DI,EOD,EOR_TPR,AOD
LogisticRegression,0.8543463835434638,0.8511784511784511,A,0,1,495,0.9682539682539683,0.09259259259259259,0.031746031746031744,0.9151515151515152,1.0915662650602411,-0.018696438632387402,0.14912120659247097,-0.242020202020202,0.4574275362318841,0.09991892285590212,1.2301340570770622,0.08122248422351472
