model_type,train_accuracy,test_accuracy,sensitive_attribute,reference_group,group,n_samples,tpr,fpr,fnr,accuracy,overall_fairness_score,DI,SP,EOD,AOD,PE,EOR_TPR,ACC,EOR_FNR
LogisticRegression,0.8478027867095391,0.8507926639726453,A,0,1,743,0.9243697478991597,0.10096153846153846,0.07563025210084033,0.9030955585464334,0.20417511572982455,0.48366562588638656,-0.24856679044838867,0.07313710100469188,0.05753422228831624,-0.01560287871637564,1.1646359867198297,1.0814416320638316,0.3666004583651642
