model_type,train_accuracy,test_accuracy,sensitive_attribute,reference_group,group,n_samples,tpr,fpr,fnr,accuracy,overall_fairness_score,DI,SP,EOD,AOD,PE,EOR_TPR,ACC,EOR_FNR
LogisticRegression,0.8440104490608284,0.8361111111111111,A,0,1,1485,0.9354838709677419,0.13823767178658045,0.06451612903225806,0.8740740740740741,0.20964097945659244,0.5034982508745627,-0.26760942760942763,0.07611777570284721,0.07514184493894945,-0.0009759307638977643,1.192878020003754,1.0746812386156648,0.2989961992008576
