model_type,train_accuracy,test_accuracy,sensitive_attribute,reference_group,group,n_samples,tpr,fpr,fnr,accuracy,ACC,PE,EOR_FNR,SP,DI,EOD,EOR_TPR,AOD
LogisticRegression,0.8536011581614188,0.8548861131520941,A,0,1,248,1.0,0.0871559633027523,0.0,0.9233870967741935,1.0888749654048402,-0.021011807116673747,0.0,-0.2199617962291705,0.4731989507541454,0.1131964865179781,1.2584650112866815,0.09218467940130436
