model_type,train_accuracy,test_accuracy,sensitive_attribute,reference_group,group,n_samples,tpr,fpr,fnr,accuracy,overall_fairness_score,DI,SP,EOD,AOD,PE,EOR_TPR,ACC,EOR_FNR
LogisticRegression,0.8501857749469215,0.8397522219229734,A,0,1,1238,0.9375,0.13806706114398423,0.0625,0.875605815831987,0.19908196277893628,0.5403222285290137,-0.24051826830502115,0.0786374862142911,0.0786374862142911,0.008678896650503781,1.1883576329331045,1.0654495546628162,0.29607371794871795
