model_type,train_accuracy,test_accuracy,sensitive_attribute,reference_group,group,n_samples,tpr,fpr,fnr,accuracy,ACC,PE,EOR_FNR,SP,DI,EOD,EOR_TPR,AOD
LogisticRegression,0.8478027867095391,0.8507926639726453,A,0,1,743,0.9243697478991597,0.10096153846153846,0.07563025210084033,0.9030955585464334,1.0814416320638316,-0.01560287871637564,0.3666004583651642,-0.24856679044838867,0.48366562588638656,0.07313710100469188,1.1646359867198297,0.05753422228831624
