model_type,train_accuracy,test_accuracy,sensitive_attribute,reference_group,group,n_samples,tpr,fpr,fnr,accuracy,overall_fairness_score,DI,SP,EOD,AOD,PE,EOR_TPR,ACC,EOR_FNR
LogisticRegression,0.8364760108946155,0.8343610461407612,A,0,1,2228,0.9326086956521739,0.14819004524886878,0.06739130434782609,0.868491921005386,0.20709336848428084,0.5440152202431014,-0.2599573835300945,0.08669735233046919,0.08669735233046919,0.014941314284401763,1.2046790731739796,1.0807026166356613,0.29839666780782836
