model_type,train_accuracy,test_accuracy,sensitive_attribute,reference_group,group,n_samples,tpr,fpr,fnr,accuracy,ACC,PE,EOR_FNR,SP,DI,EOD,EOR_TPR,AOD
LogisticRegression,0.8481444618228352,0.8458874458874459,A,0,1,990,0.9302325581395349,0.11613691931540342,0.06976744186046512,0.8919191919191919,1.077880859375,-0.002618971353776603,0.32774472687939427,-0.24303030303030304,0.5145278450363195,0.07286140831101215,1.18180488518356,0.07024243695723556
