model_type,train_accuracy,test_accuracy,sensitive_attribute,reference_group,group,n_samples,tpr,fpr,fnr,accuracy,overall_fairness_score,DI,SP,EOD,AOD,PE,EOR_TPR,ACC,EOR_FNR
LogisticRegression,0.8250746268656717,0.8190909090909091,A,0,1,1666,0.8980169971671388,0.13861386138613863,0.10198300283286119,0.8691476590636255,0.21574075232201273,0.513552325442244,-0.28371152622615753,0.09333944656615373,0.06021417751750974,-0.03312526904864399,1.2062608177050582,1.1316233266214852,0.39909348441926346
