model_type,train_accuracy,test_accuracy,sensitive_attribute,reference_group,group,n_samples,tpr,fpr,fnr,accuracy,overall_fairness_score,DI,SP,EOD,AOD,PE,EOR_TPR,ACC,EOR_FNR
LogisticRegression,0.8307462686567164,0.8254545454545454,A,0,1,1666,0.9150141643059491,0.13252094440213252,0.08498583569405099,0.8775510204081632,0.22101679629615067,0.515824107420746,-0.280016045585921,0.09774896252202887,0.07260252031509011,-0.025146442206938763,1.2287632871585623,1.1362269154888578,0.33283750367135023
