model_type,train_accuracy,test_accuracy,sensitive_attribute,reference_group,group,n_samples,tpr,fpr,fnr,accuracy,overall_fairness_score,DI,SP,EOD,AOD,PE,EOR_TPR,ACC,EOR_FNR
LogisticRegression,0.8280597014925373,0.8224242424242424,A,0,1,1666,0.9111747851002865,0.13439635535307518,0.08882521489971347,0.8751500600240096,0.2219765062942515,0.512663354676612,-0.2824405159860762,0.09954846872887786,0.06908582191275563,-0.030462646816122235,1.2271045039295478,1.1385312086618087,0.3450065466137877
