model_type,train_accuracy,test_accuracy,sensitive_attribute,reference_group,group,n_samples,tpr,fpr,fnr,accuracy,overall_fairness_score,DI,SP,EOD,AOD,PE,EOR_TPR,ACC,EOR_FNR
LogisticRegression,0.8259701492537314,0.8206060606060606,A,0,1,1666,0.8983050847457628,0.13567073170731708,0.1016949152542373,0.8715486194477791,0.2169413924606335,0.5104648365117295,-0.2855122465142728,0.09394407124874588,0.059680162433187134,-0.03426390881555874,1.2062953995157386,1.1338458950459165,0.39830508474576276
