model_type,train_accuracy,test_accuracy,sensitive_attribute,reference_group,group,n_samples,tpr,fpr,fnr,accuracy,overall_fairness_score,DI,SP,EOD,AOD,PE,EOR_TPR,ACC,EOR_FNR
LogisticRegression,0.8338805970149253,0.8266666666666667,A,0,1,1666,0.9129213483146067,0.13053435114503817,0.08707865168539326,0.8787515006002401,0.21974395274102423,0.5158780373230946,-0.27939229547388117,0.096072220403819,0.07176786187143781,-0.024304358532381193,1.225264128794231,1.1359809746683485,0.3415937712088078
