model_type,train_accuracy,test_accuracy,sensitive_attribute,reference_group,group,n_samples,tpr,fpr,fnr,accuracy,overall_fairness_score,DI,SP,EOD,AOD,PE,EOR_TPR,ACC,EOR_FNR
LogisticRegression,0.8392537313432836,0.8272727272727273,A,0,1,1666,0.9073033707865169,0.13053435114503817,0.09269662921348315,0.8775510204081632,0.2155008455330646,0.5159865863278218,-0.2781447952498013,0.08669866013799811,0.07718924760688749,-0.009509412531110623,1.2204526484751204,1.1308504474344943,0.3612712999479128
