model_type,train_accuracy,test_accuracy,sensitive_attribute,reference_group,group,n_samples,tpr,fpr,fnr,accuracy,overall_fairness_score,DI,SP,EOD,AOD,PE,EOR_TPR,ACC,EOR_FNR
LogisticRegression,0.836865671641791,0.8272727272727273,A,0,1,1666,0.9185393258426966,0.12900763358778625,0.08146067415730338,0.8811524609843937,0.22285836072491802,0.5164256785516754,-0.27878030036984197,0.09947290486384507,0.07630662540815304,-0.023166279455692024,1.2366573033707864,1.1408899534457204,0.31667162735322574
