model_type,train_accuracy,test_accuracy,sensitive_attribute,reference_group,group,n_samples,tpr,fpr,fnr,accuracy,overall_fairness_score,DI,SP,EOD,AOD,PE,EOR_TPR,ACC,EOR_FNR
LogisticRegression,0.8380597014925373,0.826969696969697,A,0,1,1666,0.9154929577464789,0.13043478260869565,0.08450704225352113,0.8793517406962785,0.22005570119642415,0.5175244565911471,-0.2775563101617636,0.09392976668603932,0.0796277071894718,-0.014302059496567515,1.2339252908756888,1.1367569179570562,0.3274647887323944
