model_type,train_accuracy,test_accuracy,sensitive_attribute,reference_group,group,n_samples,tpr,fpr,fnr,accuracy,overall_fairness_score,DI,SP,EOD,AOD,PE,EOR_TPR,ACC,EOR_FNR
LogisticRegression,0.822089552238806,0.8184848484848485,A,0,1,1666,0.8923512747875354,0.13861386138613863,0.10764872521246459,0.8679471788715486,0.2139744709588969,0.5114939994885677,-0.2849120064182344,0.09247359447539748,0.053737028511108745,-0.03873656596428873,1.1959558464393865,1.1300603109769805,0.4240486945869382
